{
  "books": [
    {
      "id": 1,
      "title": "Atomic Habits",
      "author": "James Clear",
      "price": 399,
      "description": "A guide to building good habits and breaking bad ones."
    },
    {
      "id": 2,
      "title": "The Alchemist",
      "author": "Paulo Coelho",
      "price": 299,
      "description": "A story about following your dreams and finding your destiny."
    },
    {
      "id": 3,
      "title": "Deep Work",
      "author": "Cal Newport",
      "price": 349,
      "description": "A book about focus and productivity in a distracted world."
    }
  ]
}

